{"lowlevel.spectral_centroid.mean": [0.33719784021377563], "lowlevel.spectral_contrast.mean": [[0.6897811889648438, 1.0373108386993408, 0.9852608442306519, 0.7378759384155273, 0.5973668098449707, 0.3715183734893799]], "lowlevel.dissonance.mean": [0.01591813564300537], "lowlevel.hfc.mean": [0.46599629521369934], "lowlevel.mfcc.mean": [[0.3833601474761963, 0.6050177812576294, 0.41296467185020447, 0.4060860574245453, 0.37577587366104126, 0.10297971963882446, 0.15744739770889282, 0.5288656949996948, 0.5962123870849609, 0.19711685180664062, 0.14344295859336853, 0.47446227073669434, 0.7002105712890625]], "sfx.logattacktime.mean": [0.5124740600585938], "sfx.inharmonicity.mean": [0.2619069814682007]}