{"lowlevel.spectral_centroid.mean": [0.31853169202804565], "lowlevel.spectral_contrast.mean": [[0.580778956413269, 0.5783805847167969, 0.5329359769821167, 0.40554380416870117, 0.5197021961212158, 0.3186171054840088]], "lowlevel.dissonance.mean": [0.5357620716094971], "lowlevel.hfc.mean": [0.4659145176410675], "lowlevel.mfcc.mean": [[0.4142647981643677, 0.75523841381073, 0.574295163154602, 0.5888603925704956, 0.5841100811958313, 0.2331065982580185, 0.41886699199676514, 0.6104075908660889, 0.5291287899017334, 0.3442680537700653, 0.5312625765800476, 0.5044936537742615, 0.30587974190711975]], "sfx.logattacktime.mean": [0.4192628264427185], "sfx.inharmonicity.mean": [0.3933606445789337]}