{"lowlevel.spectral_centroid.mean": [0.3796786665916443], "lowlevel.spectral_contrast.mean": [[0.46975183486938477, 0.9667949676513672, 0.8219730854034424, 0.9221178293228149, 0.6894524097442627, 0.5100407600402832]], "lowlevel.dissonance.mean": [0.30749034881591797], "lowlevel.hfc.mean": [0.46562373638153076], "lowlevel.mfcc.mean": [[0.387203574180603, 0.45853888988494873, 0.25361233949661255, 0.38110971450805664, 0.4667549431324005, 0.23502586781978607, 0.0008327960968017578, 0.41015467047691345, 0.75763338804245, 0.9021008014678955, 0.5662704706192017, 0.4207002520561218, 0.7072340846061707]], "sfx.logattacktime.mean": [0.508609414100647], "sfx.inharmonicity.mean": [0.31830063462257385]}