{"lowlevel.spectral_centroid.mean": [0.35343295335769653], "lowlevel.spectral_contrast.mean": [[0.22889673709869385, 0.3981534242630005, 0.4379206895828247, 0.36669015884399414, 0.34153127670288086, 0.2360234260559082]], "lowlevel.dissonance.mean": [0.48208844661712646], "lowlevel.hfc.mean": [0.46507614850997925], "lowlevel.mfcc.mean": [[0.09982168674468994, 0.24565750360488892, 0.4614744186401367, 0.3455042541027069, 0.47765639424324036, 0.43819865584373474, 0.4541521370410919, 0.3696029782295227, 0.3334369659423828, 0.316664457321167, 0.37379807233810425, 0.3877083659172058, 0.46762996912002563]], "sfx.logattacktime.mean": [0.30351176857948303], "sfx.inharmonicity.mean": [0.3769831359386444]}