{"lowlevel.spectral_centroid.mean": [0.39012372493743896], "lowlevel.spectral_contrast.mean": [[0.47173619270324707, 1.0648210048675537, 0.9731367826461792, 0.9413050413131714, 0.8442964553833008, 0.5990571975708008]], "lowlevel.dissonance.mean": [0.2504819631576538], "lowlevel.hfc.mean": [0.5039069652557373], "lowlevel.mfcc.mean": [[0.7675007581710815, 0.7300503253936768, 0.1402987539768219, 0.42133745551109314, 0.5003091096878052, 0.11373373866081238, 0.39216092228889465, 0.28627538681030273, 0.29342010617256165, 0.34542378783226013, 0.3697109818458557, 0.285286009311676, 0.5355969071388245]], "sfx.logattacktime.mean": [0.29753124713897705], "sfx.inharmonicity.mean": [0.3561634421348572]}