{"lowlevel.spectral_centroid.mean": [0.32439881563186646], "lowlevel.spectral_contrast.mean": [[0.4697425365447998, 0.46500086784362793, 0.3762319087982178, 0.3636143207550049, 0.3297717571258545, 0.3105473518371582]], "lowlevel.dissonance.mean": [0.5182907581329346], "lowlevel.hfc.mean": [0.4665173888206482], "lowlevel.mfcc.mean": [[0.24599385261535645, 0.48805978894233704, 0.6782004833221436, 0.5396364331245422, 0.5230665802955627, 0.5022817254066467, 0.5846131443977356, 0.5956534147262573, 0.5651551485061646, 0.4308375120162964, 0.6543737649917603, 0.6646273136138916, 0.5834594368934631]], "sfx.logattacktime.mean": [0.08740010857582092], "sfx.inharmonicity.mean": [0.293946772813797]}