{"lowlevel.spectral_centroid.mean": [0.3354303240776062], "lowlevel.spectral_contrast.mean": [[0.36850976943969727, 0.5314195156097412, 0.3610038757324219, 0.4573354721069336, 0.3600125312805176, 0.313342809677124]], "lowlevel.dissonance.mean": [0.34432828426361084], "lowlevel.hfc.mean": [0.46849197149276733], "lowlevel.mfcc.mean": [[0.21916615962982178, 0.44830963015556335, 0.5730670094490051, 0.4806971848011017, 0.4704640507698059, 0.349572092294693, 0.40355435013771057, 0.49464547634124756, 0.6240784525871277, 0.6794334650039673, 0.821999192237854, 0.8668107986450195, 0.7247365713119507]], "sfx.logattacktime.mean": [0.12961789965629578], "sfx.inharmonicity.mean": [0.27386778593063354]}