{"lowlevel.spectral_centroid.mean": [0.3743274509906769], "lowlevel.spectral_contrast.mean": [[0.7348502278327942, 1.146331787109375, 1.277104139328003, 1.2817128896713257, 0.9159653186798096, 0.5532350540161133]], "lowlevel.dissonance.mean": [0.23110556602478027], "lowlevel.hfc.mean": [0.46689778566360474], "lowlevel.mfcc.mean": [[0.522922158241272, 0.6468361616134644, 0.1717095971107483, 0.1792989820241928, 0.25839704275131226, 0.21073156595230103, 0.23580217361450195, 0.5547091364860535, 0.38461530208587646, 0.22305798530578613, 0.12842267751693726, 0.05051290988922119, 0.5477937459945679]], "sfx.logattacktime.mean": [0.5051203966140747], "sfx.inharmonicity.mean": [0.2522481381893158]}