{"lowlevel.spectral_centroid.mean": [0.3381197452545166], "lowlevel.spectral_contrast.mean": [[0.47209179401397705, 0.3635075092315674, 0.2923152446746826, 0.36757898330688477, 0.32866334915161133, 0.3323171138763428]], "lowlevel.dissonance.mean": [0.6188021898269653], "lowlevel.hfc.mean": [0.467101126909256], "lowlevel.mfcc.mean": [[0.2387223243713379, 0.4605441689491272, 0.6275863647460938, 0.6655049324035645, 0.7076019048690796, 0.6091395020484924, 0.5699000358581543, 0.5264266729354858, 0.7169956564903259, 0.7778270244598389, 0.5187559127807617, 0.46509718894958496, 0.8461700677871704]], "sfx.logattacktime.mean": [0.10820797085762024], "sfx.inharmonicity.mean": [0.37761884927749634]}