{"lowlevel.spectral_centroid.mean": [0.3295528292655945], "lowlevel.spectral_contrast.mean": [[0.5136927366256714, 0.37395310401916504, 0.312577486038208, 0.34048008918762207, 0.30531740188598633, 0.2938694953918457]], "lowlevel.dissonance.mean": [0.6091967821121216], "lowlevel.hfc.mean": [0.466794490814209], "lowlevel.mfcc.mean": [[0.23076939582824707, 0.4608488976955414, 0.6302347183227539, 0.5569918751716614, 0.6468995213508606, 0.5370583534240723, 0.6394487619400024, 0.6024117469787598, 0.6180269122123718, 0.7822914123535156, 0.651330292224884, 0.5398128628730774, 0.7368825674057007]], "sfx.logattacktime.mean": [0.10911685228347778], "sfx.inharmonicity.mean": [0.37403255701065063]}