{"lowlevel.spectral_centroid.mean": [0.4323213994503021], "lowlevel.spectral_contrast.mean": [[0.23584675788879395, 0.21287298202514648, 0.644769549369812, 0.7234561443328857, 0.6280288696289062, 0.432830810546875]], "lowlevel.dissonance.mean": [0.6043417453765869], "lowlevel.hfc.mean": [0.4658339321613312], "lowlevel.mfcc.mean": [[0.15142381191253662, 0.1855364739894867, 0.2865515351295471, 0.3175451457500458, 0.48385995626449585, 0.5469279885292053, 0.5653375387191772, 0.68276047706604, 0.7396585941314697, 0.5732920169830322, 0.12093165516853333, -0.21908438205718994, 0.08490556478500366]], "sfx.logattacktime.mean": [0.3226798176765442], "sfx.inharmonicity.mean": [0.4829728305339813]}