{"lowlevel.spectral_centroid.mean": [0.36594635248184204], "lowlevel.spectral_contrast.mean": [[0.26171696186065674, 0.31172776222229004, 0.3542802333831787, 0.39409637451171875, 0.2996063232421875, 0.23697471618652344]], "lowlevel.dissonance.mean": [0.4857379198074341], "lowlevel.hfc.mean": [0.4650734066963196], "lowlevel.mfcc.mean": [[0.08996760845184326, 0.23722141981124878, 0.4729926884174347, 0.3348822295665741, 0.4935941696166992, 0.5085217356681824, 0.48668187856674194, 0.379993200302124, 0.3759324848651886, 0.363114595413208, 0.41159749031066895, 0.35419684648513794, 0.29310595989227295]], "sfx.logattacktime.mean": [0.26614031195640564], "sfx.inharmonicity.mean": [0.3827037215232849]}