{"lowlevel.spectral_centroid.mean": [0.318668931722641], "lowlevel.spectral_contrast.mean": [[0.5343183279037476, 0.5844888687133789, 0.5452890396118164, 0.36295366287231445, 0.27134251594543457, 0.2702369689941406]], "lowlevel.dissonance.mean": [0.08449065685272217], "lowlevel.hfc.mean": [0.46553006768226624], "lowlevel.mfcc.mean": [[0.28231823444366455, 0.6980793476104736, 0.9037362337112427, 0.6353096961975098, 0.5236053466796875, 0.4297948181629181, 0.5111393332481384, 0.5018466711044312, 0.526185929775238, 0.49075353145599365, 0.4286489188671112, 0.37677818536758423, 0.5268273949623108]], "sfx.logattacktime.mean": [0.15970078110694885], "sfx.inharmonicity.mean": [0.24333617091178894]}