{"lowlevel.spectral_centroid.mean": [0.3857891857624054], "lowlevel.spectral_contrast.mean": [[0.2740589380264282, 0.3572436571121216, 0.45258307456970215, 0.5098907947540283, 0.3433210849761963, 0.23906826972961426]], "lowlevel.dissonance.mean": [0.49684154987335205], "lowlevel.hfc.mean": [0.4650765061378479], "lowlevel.mfcc.mean": [[0.11284482479095459, 0.2702862322330475, 0.4361020624637604, 0.2542179226875305, 0.4616963267326355, 0.49570268392562866, 0.4510839581489563, 0.3635879158973694, 0.4034820795059204, 0.39594733715057373, 0.41777968406677246, 0.3605515956878662, 0.3436211943626404]], "sfx.logattacktime.mean": [0.2666725516319275], "sfx.inharmonicity.mean": [0.330744206905365]}