{"lowlevel.spectral_centroid.mean": [0.4377651810646057], "lowlevel.spectral_contrast.mean": [[0.24008512496948242, 0.19561731815338135, 0.6612755060195923, 0.7436848878860474, 0.7035562992095947, 0.43900561332702637]], "lowlevel.dissonance.mean": [0.5560657978057861], "lowlevel.hfc.mean": [0.4658758342266083], "lowlevel.mfcc.mean": [[0.15355074405670166, 0.18797947466373444, 0.301677405834198, 0.37478652596473694, 0.49868130683898926, 0.5329805612564087, 0.587590754032135, 0.6508387327194214, 0.7653368711471558, 0.5838512778282166, 0.059197187423706055, -0.23663681745529175, 0.05591592192649841]], "sfx.logattacktime.mean": [0.3098248243331909], "sfx.inharmonicity.mean": [0.5318925380706787]}