{"lowlevel.spectral_centroid.mean": [0.3476245105266571], "lowlevel.spectral_contrast.mean": [[0.3239905834197998, 0.30222201347351074, 0.3340287208557129, 0.3147773742675781, 0.24385452270507812, 0.24420475959777832]], "lowlevel.dissonance.mean": [0.502723217010498], "lowlevel.hfc.mean": [0.4650724530220032], "lowlevel.mfcc.mean": [[0.08350098133087158, 0.23551858961582184, 0.508501410484314, 0.3813576400279999, 0.4945068955421448, 0.4810580015182495, 0.46669551730155945, 0.3851238787174225, 0.40022924542427063, 0.35604971647262573, 0.330554336309433, 0.2529745101928711, 0.26916712522506714]], "sfx.logattacktime.mean": [0.31007909774780273], "sfx.inharmonicity.mean": [0.3232964873313904]}