{"lowlevel.spectral_centroid.mean": [0.37740182876586914], "lowlevel.spectral_contrast.mean": [[0.2974053621292114, 0.43870270252227783, 0.3465428352355957, 0.5113041400909424, 0.4236307144165039, 0.28368687629699707]], "lowlevel.dissonance.mean": [0.5720391273498535], "lowlevel.hfc.mean": [0.4651184380054474], "lowlevel.mfcc.mean": [[0.13919031620025635, 0.28109240531921387, 0.392322301864624, 0.3171728849411011, 0.5505858063697815, 0.5046058893203735, 0.4218749403953552, 0.2896324098110199, 0.2744833528995514, 0.2546735107898712, 0.2958686649799347, 0.26224765181541443, 0.28872746229171753]], "sfx.logattacktime.mean": [0.3226054906845093], "sfx.inharmonicity.mean": [0.36701032519340515]}