{"lowlevel.spectral_centroid.mean": [0.3228808641433716], "lowlevel.spectral_contrast.mean": [[0.3432046175003052, 0.6432700157165527, 0.48137521743774414, 0.3879091739654541, 0.3390529155731201, 0.2962229251861572]], "lowlevel.dissonance.mean": [0.1988213062286377], "lowlevel.hfc.mean": [0.4675290584564209], "lowlevel.mfcc.mean": [[0.2307816743850708, 0.5044524669647217, 0.6758397817611694, 0.5636029839515686, 0.5066049098968506, 0.34739476442337036, 0.3665337562561035, 0.37676548957824707, 0.4227222204208374, 0.514682412147522, 0.643554151058197, 0.7457173466682434, 0.9911412596702576]], "sfx.logattacktime.mean": [0.10866349935531616], "sfx.inharmonicity.mean": [0.24459698796272278]}