{"lowlevel.spectral_centroid.mean": [0.3312491476535797], "lowlevel.spectral_contrast.mean": [[0.5419807434082031, 0.4288533926010132, 0.35315680503845215, 0.3504042625427246, 0.3161485195159912, 0.3833463191986084]], "lowlevel.dissonance.mean": [0.54975426197052], "lowlevel.hfc.mean": [0.4666667878627777], "lowlevel.mfcc.mean": [[0.3109776973724365, 0.5241891741752625, 0.6413379907608032, 0.5420920252799988, 0.5050312280654907, 0.5119293332099915, 0.5933204293251038, 0.5980679988861084, 0.6124581098556519, 0.6153930425643921, 0.6716588735580444, 0.6240804195404053, 0.6593416929244995]], "sfx.logattacktime.mean": [0.06905591487884521], "sfx.inharmonicity.mean": [0.33662647008895874]}