{"lowlevel.spectral_centroid.mean": [0.5030425190925598], "lowlevel.spectral_contrast.mean": [[0.24468517303466797, 0.21574294567108154, 0.7699975967407227, 0.7774699926376343, 0.7360997200012207, 0.6442596912384033]], "lowlevel.dissonance.mean": [0.6383516788482666], "lowlevel.hfc.mean": [0.46684324741363525], "lowlevel.mfcc.mean": [[0.1843045949935913, 0.11641246825456619, 0.2888728380203247, 0.38532185554504395, 0.5274207592010498, 0.5754184722900391, 0.6343590021133423, 0.7515758275985718, 0.5103402733802795, 0.02407670021057129, -0.1655893325805664, 0.25647926330566406, 0.9742242097854614]], "sfx.logattacktime.mean": [0.2616334557533264], "sfx.inharmonicity.mean": [0.511073112487793]}