{"lowlevel.spectral_centroid.mean": [0.3557032346725464], "lowlevel.spectral_contrast.mean": [[0.32362282276153564, 0.9658751487731934, 0.9113364219665527, 0.8528810739517212, 0.8477308750152588, 0.537090539932251]], "lowlevel.dissonance.mean": [0.31935930252075195], "lowlevel.hfc.mean": [0.4662197232246399], "lowlevel.mfcc.mean": [[0.39851081371307373, 0.3776177167892456, 0.2367529422044754, 0.6086328029632568, 0.6100020408630371, 0.30288994312286377, 0.09964621067047119, 0.33439791202545166, 0.37711256742477417, 0.4313003420829773, 0.27308183908462524, 0.44037508964538574, 0.5637019276618958]], "sfx.logattacktime.mean": [0.5119941234588623], "sfx.inharmonicity.mean": [0.29138901829719543]}