{"lowlevel.spectral_centroid.mean": [0.3883496820926666], "lowlevel.spectral_contrast.mean": [[0.3151134252548218, 0.4789118766784668, 0.4847135543823242, 0.5547497272491455, 0.4678304195404053, 0.31907176971435547]], "lowlevel.dissonance.mean": [0.49258875846862793], "lowlevel.hfc.mean": [0.46510985493659973], "lowlevel.mfcc.mean": [[0.16508591175079346, 0.3214235007762909, 0.3777928948402405, 0.24886883795261383, 0.4352456033229828, 0.39225631952285767, 0.3450237512588501, 0.2699546813964844, 0.34935545921325684, 0.3950127363204956, 0.43605542182922363, 0.35773974657058716, 0.370625376701355]], "sfx.logattacktime.mean": [0.28447654843330383], "sfx.inharmonicity.mean": [0.3950100541114807]}