{"lowlevel.spectral_centroid.mean": [0.35362520813941956], "lowlevel.spectral_contrast.mean": [[0.23590373992919922, 0.5742232799530029, 0.4640958309173584, 0.3111729621887207, 0.2554783821105957, 0.2523519992828369]], "lowlevel.dissonance.mean": [0.3338416814804077], "lowlevel.hfc.mean": [0.46576687693595886], "lowlevel.mfcc.mean": [[0.14437901973724365, 0.37343934178352356, 0.5983775854110718, 0.39876511693000793, 0.45408785343170166, 0.44034817814826965, 0.5042455196380615, 0.49661266803741455, 0.5003588795661926, 0.4151870310306549, 0.43703943490982056, 0.5559698343276978, 0.8204643726348877]], "sfx.logattacktime.mean": [0.30885806679725647], "sfx.inharmonicity.mean": [0.4286015033721924]}