{"lowlevel.spectral_centroid.mean": [0.41461461782455444], "lowlevel.spectral_contrast.mean": [[0.37649810314178467, 0.4288731813430786, 0.49664223194122314, 0.5752842426300049, 0.46479320526123047, 0.40594911575317383]], "lowlevel.dissonance.mean": [0.5483096837997437], "lowlevel.hfc.mean": [0.4653007686138153], "lowlevel.mfcc.mean": [[0.22465097904205322, 0.31151360273361206, 0.24767644703388214, 0.26212912797927856, 0.4847283363342285, 0.5105134844779968, 0.4131459593772888, 0.2635699510574341, 0.2664182484149933, 0.3406902253627777, 0.3391870856285095, 0.27028554677963257, 0.29025745391845703]], "sfx.logattacktime.mean": [0.38144946098327637], "sfx.inharmonicity.mean": [0.5301010608673096]}