{"lowlevel.spectral_centroid.mean": [0.3152657151222229], "lowlevel.spectral_contrast.mean": [[0.44185829162597656, 0.5977621078491211, 0.4113447666168213, 0.3645973205566406, 0.2922687530517578, 0.28458189964294434]], "lowlevel.dissonance.mean": [0.33748555183410645], "lowlevel.hfc.mean": [0.466915100812912], "lowlevel.mfcc.mean": [[0.18923258781433105, 0.4431544542312622, 0.653984785079956, 0.5317261219024658, 0.4979843497276306, 0.37639153003692627, 0.42288893461227417, 0.4554510712623596, 0.5571789741516113, 0.6294393539428711, 0.8285108804702759, 0.9541393518447876, 0.9553322196006775]], "sfx.logattacktime.mean": [0.16273295879364014], "sfx.inharmonicity.mean": [0.24285244941711426]}