{"lowlevel.spectral_centroid.mean": [0.3537805676460266], "lowlevel.spectral_contrast.mean": [[0.25729215145111084, 0.3815194368362427, 0.3226630687713623, 0.3762359619140625, 0.2641322612762451, 0.22899293899536133]], "lowlevel.dissonance.mean": [0.516398549079895], "lowlevel.hfc.mean": [0.46507394313812256], "lowlevel.mfcc.mean": [[0.08720219135284424, 0.23263059556484222, 0.48433002829551697, 0.37249234318733215, 0.5085716247558594, 0.47550010681152344, 0.44737014174461365, 0.34797269105911255, 0.32619231939315796, 0.28932610154151917, 0.31384584307670593, 0.26995354890823364, 0.31915420293807983]], "sfx.logattacktime.mean": [0.2526536285877228], "sfx.inharmonicity.mean": [0.27386683225631714]}