{"lowlevel.spectral_centroid.mean": [0.31826531887054443], "lowlevel.spectral_contrast.mean": [[0.4712352752685547, 0.9063987731933594, 0.4823751449584961, 0.331524133682251, 0.30661702156066895, 0.30079078674316406]], "lowlevel.dissonance.mean": [0.04024779796600342], "lowlevel.hfc.mean": [0.4687415361404419], "lowlevel.mfcc.mean": [[0.23426282405853271, 0.5514943599700928, 0.7428879737854004, 0.5835837125778198, 0.5414513945579529, 0.42905193567276, 0.36978715658187866, 0.3147510886192322, 0.3131195902824402, 0.17595332860946655, 0.31530001759529114, 0.5085645914077759, 0.7022424936294556]], "sfx.logattacktime.mean": [0.20808449387550354], "sfx.inharmonicity.mean": [1.1126384735107422]}