{"lowlevel.spectral_centroid.mean": [0.32709598541259766], "lowlevel.spectral_contrast.mean": [[0.356113076210022, 1.075538158416748, 0.8912429809570312, 0.8953113555908203, 0.7353420257568359, 0.5028810501098633]], "lowlevel.dissonance.mean": [0.3063448667526245], "lowlevel.hfc.mean": [0.4671825170516968], "lowlevel.mfcc.mean": [[0.3933800458908081, 0.4109376072883606, 0.2904210090637207, 0.566067099571228, 0.47312331199645996, 0.27605462074279785, 0.09756502509117126, 0.19561082124710083, 0.27557605504989624, 0.4035792648792267, 0.33815109729766846, 0.4969794750213623, 0.796055793762207]], "sfx.logattacktime.mean": [0.4443282186985016], "sfx.inharmonicity.mean": [0.6662399768829346]}