{"lowlevel.spectral_centroid.mean": [0.4898587465286255], "lowlevel.spectral_contrast.mean": [[0.20519661903381348, 0.21229875087738037, 0.6552377939224243, 0.6939854621887207, 0.689645528793335, 0.6232843399047852]], "lowlevel.dissonance.mean": [0.6172587871551514], "lowlevel.hfc.mean": [0.4718579947948456], "lowlevel.mfcc.mean": [[0.17990589141845703, 0.08598123490810394, 0.3307913839817047, 0.37699779868125916, 0.5228815078735352, 0.5793067216873169, 0.6018575429916382, 0.6962220072746277, 0.5526289343833923, 0.193681538105011, -0.03629034757614136, 0.35020166635513306, 0.902557373046875]], "sfx.logattacktime.mean": [0.3113963305950165], "sfx.inharmonicity.mean": [0.5702098608016968]}