{"lowlevel.spectral_centroid.mean": [0.3145221173763275], "lowlevel.spectral_contrast.mean": [[0.7047682404518127, 0.6756410598754883, 0.4105473756790161, 0.2758650779724121, 0.2662801742553711, 0.2759883403778076]], "lowlevel.dissonance.mean": [-0.004730939865112305], "lowlevel.hfc.mean": [0.47042515873908997], "lowlevel.mfcc.mean": [[0.2157285213470459, 0.5216660499572754, 0.7406374216079712, 0.6276500821113586, 0.6011432409286499, 0.4595101475715637, 0.45517295598983765, 0.3444591164588928, 0.2528308629989624, 0.07505321502685547, 0.0440448522567749, 0.12380713224411011, 0.32734882831573486]], "sfx.logattacktime.mean": [0.2050345242023468], "sfx.inharmonicity.mean": [0.21024870872497559]}