{"lowlevel.spectral_centroid.mean": [0.4051240384578705], "lowlevel.spectral_contrast.mean": [[0.29273855686187744, 0.49399054050445557, 0.3991999626159668, 0.5649769306182861, 0.5013909339904785, 0.39695239067077637]], "lowlevel.dissonance.mean": [0.5729551315307617], "lowlevel.hfc.mean": [0.46544578671455383], "lowlevel.mfcc.mean": [[0.2006458044052124, 0.2586357593536377, 0.3019323945045471, 0.3251720666885376, 0.4878791570663452, 0.44863757491111755, 0.4256199598312378, 0.34284648299217224, 0.26769500970840454, 0.2722723186016083, 0.2594226002693176, 0.24464014172554016, 0.32679107785224915]], "sfx.logattacktime.mean": [0.32677704095840454], "sfx.inharmonicity.mean": [0.36471712589263916]}