{"lowlevel.spectral_centroid.mean": [0.38320308923721313], "lowlevel.spectral_contrast.mean": [[0.19551563262939453, 0.2269139289855957, 0.5656871795654297, 0.5711929798126221, 0.39299750328063965, 0.25275135040283203]], "lowlevel.dissonance.mean": [0.45638322830200195], "lowlevel.hfc.mean": [0.4651195704936981], "lowlevel.mfcc.mean": [[0.09981942176818848, 0.2181285172700882, 0.3896712064743042, 0.296794056892395, 0.46866631507873535, 0.45458000898361206, 0.52656090259552, 0.5127021074295044, 0.5944855213165283, 0.6558452248573303, 0.6282999515533447, 0.40902796387672424, 0.1131986677646637]], "sfx.logattacktime.mean": [0.3122277855873108], "sfx.inharmonicity.mean": [1.037625789642334]}