{"lowlevel.spectral_centroid.mean": [0.4081869423389435], "lowlevel.spectral_contrast.mean": [[0.2146151065826416, 0.520824670791626, 0.572394609451294, 0.5645616054534912, 0.5578587055206299, 0.39630889892578125]], "lowlevel.dissonance.mean": [0.5409554243087769], "lowlevel.hfc.mean": [0.4653352200984955], "lowlevel.mfcc.mean": [[0.19658446311950684, 0.26422759890556335, 0.2594524323940277, 0.3066226541996002, 0.48015454411506653, 0.40193939208984375, 0.3535952866077423, 0.28660449385643005, 0.27013903856277466, 0.25860267877578735, 0.3312511146068573, 0.4451330304145813, 0.541810929775238]], "sfx.logattacktime.mean": [0.2924174964427948], "sfx.inharmonicity.mean": [0.3752397298812866]}