{"lowlevel.spectral_centroid.mean": [0.35225972533226013], "lowlevel.spectral_contrast.mean": [[0.633599579334259, 1.0221478939056396, 0.9490602016448975, 0.7699954509735107, 0.7323603630065918, 0.44564056396484375]], "lowlevel.dissonance.mean": [-0.054591238498687744], "lowlevel.hfc.mean": [0.46608343720436096], "lowlevel.mfcc.mean": [[0.3940471410751343, 0.5207136869430542, 0.38267794251441956, 0.5348526239395142, 0.4313889145851135, 0.09576335549354553, 0.0938640832901001, 0.3399185538291931, 0.4456230700016022, 0.5742234587669373, 0.5445098280906677, 0.08560425043106079, 0.08123916387557983]], "sfx.logattacktime.mean": [0.446323961019516], "sfx.inharmonicity.mean": [0.2678399682044983]}