{"lowlevel.spectral_centroid.mean": [0.32711490988731384], "lowlevel.spectral_contrast.mean": [[0.43059372901916504, 0.5910259485244751, 0.5775505304336548, 0.4066445827484131, 0.35869908332824707, 0.28629302978515625]], "lowlevel.dissonance.mean": [0.2950180768966675], "lowlevel.hfc.mean": [0.46771523356437683], "lowlevel.mfcc.mean": [[0.22596251964569092, 0.4996354877948761, 0.6272163391113281, 0.4647030532360077, 0.4788690507411957, 0.40278851985931396, 0.4889577031135559, 0.5432839393615723, 0.5894331336021423, 0.5473007559776306, 0.610167384147644, 0.7903053760528564, 1.012502908706665]], "sfx.logattacktime.mean": [0.13632866740226746], "sfx.inharmonicity.mean": [0.2701485753059387]}