{"lowlevel.spectral_centroid.mean": [0.30461156368255615], "lowlevel.spectral_contrast.mean": [[0.6494463086128235, 0.5269389152526855, 0.47089898586273193, 0.4502902030944824, 0.4776594638824463, 0.30426669120788574]], "lowlevel.dissonance.mean": [0.44278180599212646], "lowlevel.hfc.mean": [0.4656214118003845], "lowlevel.mfcc.mean": [[0.3594982624053955, 0.6794778108596802, 0.5797759294509888, 0.6438823938369751, 0.7879405617713928, 0.511214017868042, 0.6280078887939453, 0.7327223420143127, 0.6728715300559998, 0.5910868048667908, 0.7276395559310913, 0.556843101978302, 0.319934219121933]], "sfx.logattacktime.mean": [0.44922563433647156], "sfx.inharmonicity.mean": [0.24138164520263672]}