{"lowlevel.spectral_centroid.mean": [1.461704134941101], "lowlevel.spectral_contrast.mean": [[0.3486863374710083, 0.6281254291534424, 0.34118008613586426, 0.339038610458374, 0.2676424980163574, 0.30205488204956055]], "lowlevel.dissonance.mean": [0.25741899013519287], "lowlevel.hfc.mean": [0.4777430593967438], "lowlevel.mfcc.mean": [[0.3726651668548584, 0.2880192697048187, 0.3484959900379181, 0.18411602079868317, 0.11624559760093689, 0.1104535162448883, 0.15799182653427124, 0.26487183570861816, 0.4664115011692047, 0.46975177526474, 0.6127917766571045, 0.49736708402633667, 0.4100533723831177]], "sfx.logattacktime.mean": [0.08423393964767456], "sfx.inharmonicity.mean": [0.26715707778930664]}