{"lowlevel.spectral_centroid.mean": [0.31756842136383057], "lowlevel.spectral_contrast.mean": [[0.5612660646438599, 0.6022390127182007, 0.5015398263931274, 0.35964488983154297, 0.5052170753479004, 0.3053765296936035]], "lowlevel.dissonance.mean": [0.5894312858581543], "lowlevel.hfc.mean": [0.4662438929080963], "lowlevel.mfcc.mean": [[0.4096095561981201, 0.762511134147644, 0.564322829246521, 0.5747356414794922, 0.7016068696975708, 0.30998122692108154, 0.3293347656726837, 0.42969977855682373, 0.40317338705062866, 0.3159795105457306, 0.4483862519264221, 0.37059158086776733, 0.32230913639068604]], "sfx.logattacktime.mean": [0.42762520909309387], "sfx.inharmonicity.mean": [0.3115907311439514]}