{"lowlevel.spectral_centroid.mean": [0.33104169368743896], "lowlevel.spectral_contrast.mean": [[0.3918060064315796, 0.5556877851486206, 0.49051570892333984, 0.33837223052978516, 0.32794952392578125, 0.29158592224121094]], "lowlevel.dissonance.mean": [0.24687457084655762], "lowlevel.hfc.mean": [0.47080332040786743], "lowlevel.mfcc.mean": [[0.2208634614944458, 0.48775801062583923, 0.6333104372024536, 0.4777982532978058, 0.4466080367565155, 0.36841142177581787, 0.4197591543197632, 0.39719414710998535, 0.4614025056362152, 0.46939823031425476, 0.6156747937202454, 0.832703709602356, 0.9268794655799866]], "sfx.logattacktime.mean": [0.14017492532730103], "sfx.inharmonicity.mean": [0.3393111526966095]}