{"lowlevel.spectral_centroid.mean": [0.35294631123542786], "lowlevel.spectral_contrast.mean": [[0.3196732997894287, 1.0897235870361328, 0.7348990440368652, 0.9783567190170288, 0.8584086894989014, 0.5200395584106445]], "lowlevel.dissonance.mean": [0.37185990810394287], "lowlevel.hfc.mean": [0.467124342918396], "lowlevel.mfcc.mean": [[0.4241921901702881, 0.3947192430496216, 0.17808598279953003, 0.5154523849487305, 0.6056976318359375, 0.29015421867370605, 0.129218190908432, 0.2004358172416687, 0.18467077612876892, 0.22895857691764832, 0.760249137878418, 1.0670193433761597, 1.00376296043396]], "sfx.logattacktime.mean": [0.5277003049850464], "sfx.inharmonicity.mean": [0.2935715615749359]}