{"lowlevel.spectral_centroid.mean": [0.3588157892227173], "lowlevel.spectral_contrast.mean": [[0.20069026947021484, 0.4066663980484009, 0.36716413497924805, 0.432415246963501, 0.37731242179870605, 0.24099063873291016]], "lowlevel.dissonance.mean": [0.48382246494293213], "lowlevel.hfc.mean": [0.46507543325424194], "lowlevel.mfcc.mean": [[0.08647024631500244, 0.21828950941562653, 0.45619896054267883, 0.367124080657959, 0.49246421456336975, 0.41996824741363525, 0.4229406416416168, 0.3779595196247101, 0.388493150472641, 0.4106697738170624, 0.5287483930587769, 0.5509741306304932, 0.5543380379676819]], "sfx.logattacktime.mean": [0.24499279260635376], "sfx.inharmonicity.mean": [0.37956327199935913]}