{"lowlevel.spectral_centroid.mean": [0.322941392660141], "lowlevel.spectral_contrast.mean": [[0.4607532024383545, 0.4866982698440552, 0.3566169738769531, 0.42688918113708496, 0.3394632339477539, 0.31700682640075684]], "lowlevel.dissonance.mean": [0.365811824798584], "lowlevel.hfc.mean": [0.4683738946914673], "lowlevel.mfcc.mean": [[0.24785184860229492, 0.5433284640312195, 0.7104962468147278, 0.562866747379303, 0.46117347478866577, 0.3983117938041687, 0.5241997241973877, 0.5718119740486145, 0.6640428304672241, 0.6771181225776672, 0.7737229466438293, 0.8038804531097412, 0.6652953028678894]], "sfx.logattacktime.mean": [0.1514570116996765], "sfx.inharmonicity.mean": [0.24135595560073853]}