{"lowlevel.spectral_centroid.mean": [0.31795233488082886], "lowlevel.spectral_contrast.mean": [[0.3642922639846802, 0.5557084083557129, 0.4935145378112793, 0.3162071704864502, 0.2942490577697754, 0.27347803115844727]], "lowlevel.dissonance.mean": [0.2888166904449463], "lowlevel.hfc.mean": [0.466739684343338], "lowlevel.mfcc.mean": [[0.2064342498779297, 0.4965161979198456, 0.7028458714485168, 0.5347265005111694, 0.5091874599456787, 0.3982715606689453, 0.43632110953330994, 0.4740414619445801, 0.44954752922058105, 0.3716418743133545, 0.4975488781929016, 0.6733479499816895, 0.8955749273300171]], "sfx.logattacktime.mean": [0.14636582136154175], "sfx.inharmonicity.mean": [0.25233060121536255]}