{"lowlevel.spectral_centroid.mean": [0.33237606287002563], "lowlevel.spectral_contrast.mean": [[0.7127026915550232, 0.7784802913665771, 1.0188177824020386, 0.7185224294662476, 0.7714724540710449, 0.42992115020751953]], "lowlevel.dissonance.mean": [0.27506816387176514], "lowlevel.hfc.mean": [0.4658742845058441], "lowlevel.mfcc.mean": [[0.39770734310150146, 0.542310357093811, 0.2889222502708435, 0.39987409114837646, 0.49940332770347595, 0.3401864767074585, 0.39970624446868896, 0.6585228443145752, 0.37882769107818604, 0.010944098234176636, 0.2932499051094055, 0.497248113155365, 0.354350209236145]], "sfx.logattacktime.mean": [0.46754828095436096], "sfx.inharmonicity.mean": [0.20312178134918213]}