{"lowlevel.spectral_centroid.mean": [0.38580775260925293], "lowlevel.spectral_contrast.mean": [[0.3105810880661011, 1.001570224761963, 1.0570118427276611, 1.0713030099868774, 0.9169504642486572, 0.5813002586364746]], "lowlevel.dissonance.mean": [0.47820162773132324], "lowlevel.hfc.mean": [0.46627384424209595], "lowlevel.mfcc.mean": [[0.4627624750137329, 0.42571893334388733, 0.10150927305221558, 0.42791759967803955, 0.5254928469657898, 0.3690599501132965, 0.18223869800567627, 0.3940911293029785, 0.26721036434173584, 0.5036693811416626, 0.5393010377883911, 0.09609377384185791, 0.6710577011108398]], "sfx.logattacktime.mean": [0.5071724653244019], "sfx.inharmonicity.mean": [0.332594096660614]}