{"lowlevel.spectral_centroid.mean": [0.4216326177120209], "lowlevel.spectral_contrast.mean": [[0.19726133346557617, 0.2075188159942627, 0.6168309450149536, 0.5618271827697754, 0.5568833351135254, 0.39985179901123047]], "lowlevel.dissonance.mean": [0.6148115396499634], "lowlevel.hfc.mean": [0.4653242230415344], "lowlevel.mfcc.mean": [[0.11363577842712402, 0.15768052637577057, 0.3636557161808014, 0.3776969909667969, 0.49917715787887573, 0.5315845608711243, 0.6504005789756775, 0.6720001697540283, 0.5074459314346313, 0.1774541437625885, 0.043351978063583374, 0.37119123339653015, 0.7934507727622986]], "sfx.logattacktime.mean": [0.29626983404159546], "sfx.inharmonicity.mean": [0.42965877056121826]}