{"lowlevel.spectral_centroid.mean": [0.39792248606681824], "lowlevel.spectral_contrast.mean": [[0.287703275680542, 0.43458592891693115, 0.4657658338546753, 0.6037826538085938, 0.6035423278808594, 0.3725733757019043]], "lowlevel.dissonance.mean": [0.5468912124633789], "lowlevel.hfc.mean": [0.46521613001823425], "lowlevel.mfcc.mean": [[0.15833687782287598, 0.2565039098262787, 0.35798585414886475, 0.41184622049331665, 0.5756658911705017, 0.45775866508483887, 0.44956323504447937, 0.3773035705089569, 0.26665374636650085, 0.31277644634246826, 0.5035764575004578, 0.5146093964576721, 0.44218963384628296]], "sfx.logattacktime.mean": [0.3095414936542511], "sfx.inharmonicity.mean": [0.3491783142089844]}