{"lowlevel.spectral_centroid.mean": [0.3144107758998871], "lowlevel.spectral_contrast.mean": [[0.8739662766456604, 0.9513896703720093, 0.899930477142334, 0.6916478872299194, 0.6283435821533203, 0.37673234939575195]], "lowlevel.dissonance.mean": [0.09905838966369629], "lowlevel.hfc.mean": [0.46587517857551575], "lowlevel.mfcc.mean": [[0.4107038974761963, 0.677125096321106, 0.47857192158699036, 0.5134121179580688, 0.6095743775367737, 0.3469087481498718, 0.23184016346931458, 0.4062114655971527, 0.38630300760269165, 0.2763682007789612, 0.2663685977458954, 0.25027748942375183, 0.334886372089386]], "sfx.logattacktime.mean": [0.5040475130081177], "sfx.inharmonicity.mean": [0.49763303995132446]}