{"lowlevel.spectral_centroid.mean": [0.3171376585960388], "lowlevel.spectral_contrast.mean": [[0.397568941116333, 0.545930027961731, 0.3742868900299072, 0.3335592746734619, 0.3288099765777588, 0.3067762851715088]], "lowlevel.dissonance.mean": [0.4114493131637573], "lowlevel.hfc.mean": [0.46695998311042786], "lowlevel.mfcc.mean": [[0.21494555473327637, 0.47253963351249695, 0.6664344072341919, 0.6023944616317749, 0.5528580546379089, 0.37613487243652344, 0.38972824811935425, 0.40642884373664856, 0.44937679171562195, 0.4785757064819336, 0.63670814037323, 0.7361100912094116, 0.8086807727813721]], "sfx.logattacktime.mean": [0.15131103992462158], "sfx.inharmonicity.mean": [0.2300843596458435]}