{"lowlevel.spectral_centroid.mean": [0.3180675804615021], "lowlevel.spectral_contrast.mean": [[0.5540361404418945, 0.7894525527954102, 0.47042882442474365, 0.2941102981567383, 0.2716813087463379, 0.2662649154663086]], "lowlevel.dissonance.mean": [0.08497130870819092], "lowlevel.hfc.mean": [0.4685698449611664], "lowlevel.mfcc.mean": [[0.20315420627593994, 0.49814164638519287, 0.7213456630706787, 0.5796164870262146, 0.5693860650062561, 0.46434342861175537, 0.47936874628067017, 0.414104163646698, 0.3308483362197876, 0.1661989986896515, 0.1745380461215973, 0.24679282307624817, 0.39850637316703796]], "sfx.logattacktime.mean": [0.18228673934936523], "sfx.inharmonicity.mean": [0.22826391458511353]}