{"lowlevel.spectral_centroid.mean": [0.3823987543582916], "lowlevel.spectral_contrast.mean": [[0.6036933660507202, 0.6149779558181763, 0.23488211631774902, 0.19709372520446777, 0.19356870651245117, 0.23589396476745605]], "lowlevel.dissonance.mean": [0.4415832757949829], "lowlevel.hfc.mean": [0.4688308835029602], "lowlevel.mfcc.mean": [[0.2142167091369629, 0.6239761114120483, 1.0633982419967651, 1.0609456300735474, 1.0310651063919067, 0.8282907009124756, 0.6819607019424438, 0.49313458800315857, 0.41185107827186584, 0.3334651291370392, 0.3610202670097351, 0.3659232556819916, 0.417447954416275]], "sfx.logattacktime.mean": [0.35435986518859863], "sfx.inharmonicity.mean": [0.26701244711875916]}