{"lowlevel.spectral_centroid.mean": [0.35833412408828735], "lowlevel.spectral_contrast.mean": [[0.5461143255233765, 1.2121000289916992, 0.9328503608703613, 1.2152724266052246, 0.9202196598052979, 0.5823764801025391]], "lowlevel.dissonance.mean": [0.29697608947753906], "lowlevel.hfc.mean": [0.46639469265937805], "lowlevel.mfcc.mean": [[0.5000982284545898, 0.4784471392631531, 0.11448743939399719, 0.38492274284362793, 0.49438533186912537, 0.34251898527145386, 0.23416388034820557, 0.32787394523620605, 0.2559337019920349, 0.25107038021087646, 0.21392598748207092, 0.3673664629459381, 0.6844701766967773]], "sfx.logattacktime.mean": [0.5047566294670105], "sfx.inharmonicity.mean": [0.2847815752029419]}