{"lowlevel.spectral_centroid.mean": [0.3753989338874817], "lowlevel.spectral_contrast.mean": [[0.6788020133972168, 1.0465694665908813, 0.958626389503479, 1.0885409116744995, 0.8971381187438965, 0.5426967144012451]], "lowlevel.dissonance.mean": [0.3059704303741455], "lowlevel.hfc.mean": [0.4662933349609375], "lowlevel.mfcc.mean": [[0.4643365144729614, 0.47260311245918274, 0.1806582510471344, 0.4347607493400574, 0.5873595476150513, 0.32494527101516724, 0.07068508863449097, 0.2926878333091736, 0.3732837438583374, 0.6198935508728027, 0.3080242872238159, 0.04932162165641785, 0.26849591732025146]], "sfx.logattacktime.mean": [0.48346859216690063], "sfx.inharmonicity.mean": [0.29199087619781494]}