{"lowlevel.spectral_centroid.mean": [0.3260221481323242], "lowlevel.spectral_contrast.mean": [[0.7731434106826782, 0.8908672332763672, 0.8123520612716675, 0.6945512294769287, 0.6688883304595947, 0.32235240936279297]], "lowlevel.dissonance.mean": [0.06554436683654785], "lowlevel.hfc.mean": [0.4659426808357239], "lowlevel.mfcc.mean": [[0.42307496070861816, 0.7166091203689575, 0.4526364505290985, 0.4545941948890686, 0.5923057794570923, 0.2581596374511719, 0.3296703100204468, 0.5696165561676025, 0.502369225025177, 0.26552677154541016, 0.4238457977771759, 0.47330328822135925, 0.35716933012008667]], "sfx.logattacktime.mean": [0.4946313202381134], "sfx.inharmonicity.mean": [0.2511199712753296]}