{"lowlevel.spectral_centroid.mean": [0.444391131401062], "lowlevel.spectral_contrast.mean": [[0.2248018980026245, 0.22004520893096924, 0.6038510799407959, 0.6913100481033325, 0.6693539619445801, 0.5369822978973389]], "lowlevel.dissonance.mean": [0.5683846473693848], "lowlevel.hfc.mean": [0.46729329228401184], "lowlevel.mfcc.mean": [[0.16702985763549805, 0.13498066365718842, 0.32252442836761475, 0.36292269825935364, 0.4665098190307617, 0.530747652053833, 0.5506228804588318, 0.6244324445724487, 0.6879744529724121, 0.5748768448829651, 0.11737313866615295, -0.16944706439971924, 0.16370093822479248]], "sfx.logattacktime.mean": [0.2909495234489441], "sfx.inharmonicity.mean": [0.5636872053146362]}