{"lowlevel.spectral_centroid.mean": [0.3161761462688446], "lowlevel.spectral_contrast.mean": [[0.640458881855011, 0.6062641143798828, 0.4919635057449341, 0.38999485969543457, 0.5560290813446045, 0.32010626792907715]], "lowlevel.dissonance.mean": [0.521539568901062], "lowlevel.hfc.mean": [0.46601602435112], "lowlevel.mfcc.mean": [[0.4633830785751343, 0.8332486152648926, 0.5550103187561035, 0.6013871431350708, 0.6435818076133728, 0.2206553965806961, 0.36463236808776855, 0.4745670557022095, 0.3740807771682739, 0.2840677499771118, 0.46022599935531616, 0.4800923466682434, 0.42114508152008057]], "sfx.logattacktime.mean": [0.3735777735710144], "sfx.inharmonicity.mean": [0.42754602432250977]}