{"lowlevel.spectral_centroid.mean": [0.3227859437465668], "lowlevel.spectral_contrast.mean": [[0.5303934812545776, 0.40427207946777344, 0.33455491065979004, 0.3081052303314209, 0.2947673797607422, 0.3336305618286133]], "lowlevel.dissonance.mean": [0.5918816328048706], "lowlevel.hfc.mean": [0.4664962887763977], "lowlevel.mfcc.mean": [[0.26076996326446533, 0.48593395948410034, 0.6251304745674133, 0.5837439894676208, 0.5854202508926392, 0.5125292539596558, 0.584793746471405, 0.5782569646835327, 0.7578763961791992, 0.686509370803833, 0.5533815026283264, 0.5731247067451477, 0.7936791181564331]], "sfx.logattacktime.mean": [0.09580200910568237], "sfx.inharmonicity.mean": [0.36206644773483276]}