{"lowlevel.spectral_centroid.mean": [0.37345317006111145], "lowlevel.spectral_contrast.mean": [[0.562208890914917, 0.8264967203140259, 0.9534591436386108, 0.8676819801330566, 0.7280857563018799, 0.47330212593078613]], "lowlevel.dissonance.mean": [0.3444399833679199], "lowlevel.hfc.mean": [0.4658185839653015], "lowlevel.mfcc.mean": [[0.3920367956161499, 0.44134247303009033, 0.24542702734470367, 0.331579327583313, 0.4039468765258789, 0.38654977083206177, 0.4814334511756897, 0.5549339652061462, 0.39252424240112305, 0.5369611978530884, 0.41881394386291504, 0.13681524991989136, 0.4885965585708618]], "sfx.logattacktime.mean": [0.5043574571609497], "sfx.inharmonicity.mean": [0.2774280309677124]}