{"lowlevel.spectral_centroid.mean": [0.31828248500823975], "lowlevel.spectral_contrast.mean": [[0.4170149564743042, 0.4181361198425293, 0.38094186782836914, 0.3337109088897705, 0.31581687927246094, 0.30012059211730957]], "lowlevel.dissonance.mean": [0.5153807401657104], "lowlevel.hfc.mean": [0.46650874614715576], "lowlevel.mfcc.mean": [[0.186082124710083, 0.40883633494377136, 0.5994386076927185, 0.5230411291122437, 0.5389729142189026, 0.41300883889198303, 0.4519244134426117, 0.5287145376205444, 0.5615187883377075, 0.5879265069961548, 0.7600147724151611, 0.8618828058242798, 0.9313007593154907]], "sfx.logattacktime.mean": [0.140010803937912], "sfx.inharmonicity.mean": [0.28759288787841797]}