{"lowlevel.spectral_centroid.mean": [0.33791467547416687], "lowlevel.spectral_contrast.mean": [[0.43527424335479736, 0.40409719944000244, 0.35576891899108887, 0.41074156761169434, 0.39156627655029297, 0.32065415382385254]], "lowlevel.dissonance.mean": [0.5729717016220093], "lowlevel.hfc.mean": [0.46633458137512207], "lowlevel.mfcc.mean": [[0.20031535625457764, 0.39856863021850586, 0.5469524264335632, 0.4574648141860962, 0.5111902356147766, 0.5262326002120972, 0.5716036558151245, 0.5495434403419495, 0.5726466178894043, 0.4601232707500458, 0.6707806587219238, 0.8391580581665039, 0.6413931250572205]], "sfx.logattacktime.mean": [0.06871289014816284], "sfx.inharmonicity.mean": [0.3994160592556]}