{"lowlevel.spectral_centroid.mean": [0.33789071440696716], "lowlevel.spectral_contrast.mean": [[0.2687743902206421, 1.3506920337677002, 1.0706857442855835, 1.0863906145095825, 0.9251663684844971, 0.6215550899505615]], "lowlevel.dissonance.mean": [0.21018552780151367], "lowlevel.hfc.mean": [0.4684365689754486], "lowlevel.mfcc.mean": [[0.5057686567306519, 0.488620787858963, 0.21833691000938416, 0.5643450021743774, 0.50742506980896, 0.07192817330360413, -0.2733299136161804, 0.09678781032562256, 0.23546189069747925, 0.20577731728553772, 0.06231045722961426, 0.3395588994026184, 0.7816987037658691]], "sfx.logattacktime.mean": [0.5376794934272766], "sfx.inharmonicity.mean": [1.1154370307922363]}