{"lowlevel.spectral_centroid.mean": [0.37491101026535034], "lowlevel.spectral_contrast.mean": [[0.24907410144805908, 0.34599268436431885, 0.35244226455688477, 0.36422276496887207, 0.26553869247436523, 0.23719120025634766]], "lowlevel.dissonance.mean": [0.4940856695175171], "lowlevel.hfc.mean": [0.46507301926612854], "lowlevel.mfcc.mean": [[0.09221947193145752, 0.24369482696056366, 0.4766889214515686, 0.3167927861213684, 0.4464679956436157, 0.45835334062576294, 0.4622991979122162, 0.3849414587020874, 0.4006957709789276, 0.39427733421325684, 0.42817825078964233, 0.37929001450538635, 0.38804084062576294]], "sfx.logattacktime.mean": [0.25016695261001587], "sfx.inharmonicity.mean": [0.3810967803001404]}