{"lowlevel.spectral_centroid.mean": [0.33076012134552], "lowlevel.spectral_contrast.mean": [[0.5026074647903442, 1.1039564609527588, 0.8730263710021973, 0.7787368297576904, 0.6178419589996338, 0.37312841415405273]], "lowlevel.dissonance.mean": [0.04214620590209961], "lowlevel.hfc.mean": [0.4661248028278351], "lowlevel.mfcc.mean": [[0.38919711112976074, 0.6237741708755493, 0.4169004559516907, 0.410140722990036, 0.344527006149292, 0.05930095911026001, 0.06466704607009888, 0.2320103943347931, 0.3778214156627655, 0.37694182991981506, 0.4528791904449463, 0.5083656311035156, 0.6255971789360046]], "sfx.logattacktime.mean": [0.5316397547721863], "sfx.inharmonicity.mean": [0.9063166379928589]}