{"lowlevel.spectral_centroid.mean": [0.31153926253318787], "lowlevel.spectral_contrast.mean": [[0.5916688442230225, 0.411946177482605, 0.43848395347595215, 0.3246619701385498, 0.26706790924072266, 0.27425336837768555]], "lowlevel.dissonance.mean": [0.22156119346618652], "lowlevel.hfc.mean": [0.4665891230106354], "lowlevel.mfcc.mean": [[0.2012866735458374, 0.4897579848766327, 0.7220416069030762, 0.6174285411834717, 0.6106813549995422, 0.5319239497184753, 0.5749250650405884, 0.5141007900238037, 0.506060004234314, 0.35659170150756836, 0.2548590898513794, 0.25179433822631836, 0.3049841523170471]], "sfx.logattacktime.mean": [0.15821623802185059], "sfx.inharmonicity.mean": [0.20175474882125854]}