{"lowlevel.spectral_centroid.mean": [0.3184612989425659], "lowlevel.spectral_contrast.mean": [[0.4434894323348999, 0.7541407346725464, 0.40885865688323975, 0.2972855567932129, 0.2891867160797119, 0.2811450958251953]], "lowlevel.dissonance.mean": [0.1275780200958252], "lowlevel.hfc.mean": [0.4676934480667114], "lowlevel.mfcc.mean": [[0.20605850219726562, 0.4916243851184845, 0.6964000463485718, 0.5612689256668091, 0.5503981113433838, 0.44013622403144836, 0.4491608142852783, 0.39228254556655884, 0.35902565717697144, 0.2679769694805145, 0.3833600878715515, 0.6427788734436035, 0.8313437700271606]], "sfx.logattacktime.mean": [0.1592981517314911], "sfx.inharmonicity.mean": [0.25005149841308594]}